station_id,canonical_station_id
SYS018,SYS018
LA Metro Demo 1,LA Metro Demo 1
LA Metro Demo 3,LA Metro Demo 3
LA Metro Demo 2,LA Metro Demo 2
1964.01,1964.01
2009.04,2009.04
2042.01,2042.01
2086.07,2086.07
2118.13,2118.13
2127.03,2127.03
2158.08,2158.08
2200.07,2200.07
2190.08,2190.08
2240.06,2240.06
2231.1,2231.1
2231.10,2231.1
2261.04,2261.04
2335.08,2335.08
2345.05,2345.05
2303.05,2303.05
2345.04,2345.04
2354.03,2354.03
2312.02,2312.02
2377.01,2377.01
2387.07,2387.07
2419.03,2419.03
2472.02,2472.02
2488.09,2488.09
2453.05,2453.05
2533.04,2533.04
2506.11,2506.11
2463.04,2463.04
2506.1,2506.1
2506.10,2506.1
2497.07,2497.07
2569.07,2569.07
2615.05,2615.05
2578.16,2578.16
2625.01,2625.01
2578.17,2578.17
2635.08,2635.08
2671.05,2671.05
2660.09,2660.09
2733.03,2733.03
2708.07,2708.07
2717.06,2717.06
2698.07,2698.07
2793.07,2793.07
2743.04,2743.04
2754.05,2754.05
2818.01,2818.01
2821.05,2821.05
2821.06,2821.06
2782.02,2782.02
2843.13,2843.13
2803.04,2803.04
2832.03,2832.03
2872.02,2872.02
2883.03,2883.03
2908.02,2908.02
2912.08,2912.08
2843.01,2843.01
2861.02,2861.02
2947.05,2947.05
2942.07,2942.07
2868.03,2868.03
2932.03,2932.03
2898.01,2898.01
2951.05,2951.05
2923.01,2923.01
2971.02,2971.02
2961.05,2961.05
2984.04,2984.04
2957.08,2957.08
3019.02,3019.02
2981.03,2981.03
2996.05,2996.05
3000.08,3000.08
3011.03,3011.03
3056.07,3056.07
3070.04,3070.04
3007.05,3007.05
3034.02,3034.02
3050.03,3050.03
3019.03,3019.03
3038.08,3038.08
3093.07,3093.07
3022.01,3022.01
3084.05,3084.05
3090.06,3090.06
3129.08,3129.08
3056.05,3056.05
3080.01,3080.01
3113.1,3113.1
3113.10,3113.1
3046.03,3046.03
3099.01,3099.01
3113.06,3113.06
3135.04,3135.04
3138.09,3138.09
3087.01,3087.01
3148.08,3148.08
3125.09,3125.09
3117.05,3117.05
3121.01,3121.01
3148.09,3148.09
3169.07,3169.07
3140.09,3140.09
3180.02,3180.02
3132.09,3132.09
3166.03,3166.03
3157.08,3157.08
3155.01,3155.01
3164.04,3164.04
3138.03,3138.03
3161.02,3161.02
3208.07,3208.07
3187.01,3187.01
3184.07_OLD,3184.07
3184.07,3184.07
3202.06,3202.06
3178.02,3178.02
3220.01,3220.01
3214.04,3214.04
3188.04,3188.04
3172.01,3172.01
3233.06,3233.06
3205.06,3205.06
3192.05,3192.05
3180.09,3180.09
3211.06,3211.06
3199.01,3199.01
3229.07,3229.07
3256.04,3256.04
3272.01,3272.01
3266.01,3266.01
3230.01,3230.01
3233.02,3233.02
3246.06,3246.06
3286.07,3286.07
3223.07,3223.07
3280.04,3280.04
3240.15,3240.15
3275.03,3275.03
3243.02,3243.02
3278.07,3278.07
3253.01,3253.01
3327.01,3327.01
3263.01,3263.01
3303.03,3303.03
3306.03,3306.03
3294.03,3294.03
3283.05,3283.05
3359.01,3359.01
3353.04,3353.04
3350.04,3350.04
3318.05,3318.05
3315.05,3315.05
3309.04,3309.04
3347.03,3347.03
3335.09,3335.09
3344.02,3344.02
3341.06,3341.06
3394.03,3394.03
3312.07,3312.07
3300.04,3300.04
3376.02,3376.02
3368.04,3368.04
3356.07,3356.07
3388.02,3388.02
3385.06,3385.06
3356.05,3356.05
3379.03,3379.03
3359.03,3359.03
3428.04,3428.04
3391.10,3391.1
3391.1,3391.1
3408.05,3408.05
3376.04,3376.04
3426.02,3426.02
3382.04,3382.04
3388.03,3388.03
3400.04,3400.04
3373.01,3373.01
3420.01,3420.01
3445.05,3445.05
3451.01,3451.01
3431.02,3431.02
3457.03,3457.03
3448.02,3448.02
3428.02,3428.02
3495.08,3495.08
3439.03,3439.03
3492.04,3492.04
3501.01,3501.01
3472.03,3472.03
3480.04,3480.04
3460.02,3460.02
3460.05,3460.05
3463.01,3463.01
3423.1,3423.1
3423.10,3423.1
3460.06,3460.06
3538.09,3538.09
3460.04,3460.06
3454.01,3454.01
3507.04,3507.04
3486.02,3486.02
3512.03,3512.03
3523.06,3523.06
3544.02,3544.02
3460.01,3460.01
3498.09,3498.09
3564.04,3564.04
3535.03,3535.03
3504.02,3504.02
3520.01,3520.01
3515.01,3515.01
3518.04,3518.04
3552.09,3552.09
3526.04,3526.04
3558.01,3558.01
3547.04,3547.04
3588.01,3588.01
3532.02,3532.02
3579.04,3579.04
3555.04,3555.04
3585.06,3585.06
3576.1,3576.1
3583.04,3583.04
3611.02,3611.02
3300.06,3300.06
3596.04,3596.04
3628.11,3628.11
3593.01,3593.01
3567.05,3567.05
3625.04,3625.04
3633.08,3633.08
3591.05,3591.05
3620.02,3620.02
3660.07,3660.07
3617.02,3617.02
3651.04,3651.04
3599.01,3599.01
3625.07,3625.07
3593.1,3593.1
3608.06,3608.06
3655.06,3655.06
3623.03,3623.03
3639.04,3639.04
3631.05,3631.05
3648.08,3648.08
3680.04,3680.04
3688.06,3688.06
3668.04,3668.04
3707.01,3707.01
3671.01,3671.01
3665.06,3665.06
3663.01,3663.01
3719.02,3719.02
3671.02,3671.02
3696.05,3696.05
3704.01,3704.01
3657.06,3657.06
3702.07,3702.07
3710.07,3710.07
3699.07,3699.07
3704.04,3704.04
3731.11,3731.11
3728.04,3728.04
3736.04,3736.04
3776.1,3776.1
3776.10,3776.1
3694.08,3694.08
3774.06,3774.06
3759.07,3759.07
3728.05,3728.05
3722.04,3722.04
3739.06,3739.06
3751.05,3751.05
3736.03,3736.03
3814.01,3814.01
3742.11,3742.11
3779.02,3779.02
3782.03,3782.03
3762.08,3762.08
3771.06,3771.06
3811.05,3811.05
3803.05,3803.05
3768.02,3768.02
3776.05,3776.05
3791.02,3791.02
3831.03,3831.03
3822.08,3822.08
3847.04,3847.04
3839.02,3839.02
3865.05,3865.05
3803.09,3803.09
3853.02,3853.02
3877.04,3877.04
3845.05,3845.05
3850.03,3850.03
3842.08,3842.08
3834.1,3834.1
3834.10,3834.1
3887.03,3887.03
3882.01,3882.01
3893.03,3893.03
3856.03,3856.03
3879.04,3879.04
3862.07,3862.07
3871.02,3871.02
3902.06,3902.06
3911.05,3911.05
3882.05,3882.05
3917.03,3917.03
3885.06,3885.06
3905.15,3905.15
3874.01,3874.01
3914.02,3914.02
3955.05,3955.05
3919.12,3919.12
3966.01,3966.01
3952.07,3952.07
3919.07,3919.07
3958.02,3958.02
3943.03,3943.03
3925.03,3925.03
3978.13,3978.13
3931.09,3931.09
3950.03,3950.03
3928.08,3928.08
3934.06,3934.06
3922.02,3922.02
3999.06,3999.06
3960.01,3960.01
3984.02,3984.02
3966.03,3966.03
3934.07,3934.07
3972.08,3972.08
3991.04,3991.04
3940.04,3940.04
3993.03,3993.03
3996.01,3996.01
3946.07,3946.07
3987.06,3987.06
3975.02,3975.02
4010.15,4010.15
4016.03,4016.03
4023.01,4023.01
4010.01,4010.01
3982.01,3982.01
4033.16,4033.16
4007.01,4007.01
3981.1,3981.1
3981.10,3981.1
4031.05,4031.05
4001.09,4001.09
4055.04,4055.04
4028.04,4028.04
4033.18,4033.18
4042.08,4042.08
4039.04,4039.04
4019.06,4019.06
4057.04,4057.04
4033.06,4033.19
4033.19,4033.19
4064.03,4064.03
4025.02,4025.02
4045.01,4045.01
4013.08,4013.08
4072.02,4072.02
4077.04,4077.04
4096.08,4096.08
4054.06,4054.06
4010.13,4010.13
4028.03,4028.03
4098.06,4098.06
4051.01,4051.01
4060.09,4060.09
4014.01,4014.01
4048.03,4048.03
4054.02,4054.02
4023.05,4023.05
4089.01,4089.01
4107.05,4107.05
4116.09,4116.09
4095.1,4095.1
4095.10,4095.1
4077.07,4077.07
4105.01,4105.01
4087.01,4087.01
4066.15,4066.15
4086.06,4086.06
4113.01,4113.01
4074.14,4074.14
4134.06,4134.06
4101.18,4101.17
4131.03,4131.03
4101.17,4101.17
4154.02,4154.02
4083.13,4083.13
4080.01,4080.01
4122.03,4122.03
4116.08,4116.08
4143.04,4143.04
4120.02,4120.02
4146.02,4146.02
4137.1,4137.1
4137.10,4137.1
4175.15,4175.15
4095.03,4095.03
4125.13,4125.13
4129.1,4129.1
4129.10,4129.1
4107.13,4107.13
4125.07,4125.07
4157.15,4157.15
4140.03,4140.03
4110.1,4110.1
4110.10,4110.1
4128.08,4128.08
4086.05,4086.05
4190.06,4190.06
4137.14,4137.14
4119.04,4119.04
4179.03,4179.03
4138.04,4138.04
4184.07,4184.07
4161.01,4161.01
4170.08,4170.08
4151.01,4151.01
4205.06,4205.06
4208.01,4208.01
4169.04,4169.04
4199.13,4199.13
4148.07,4148.07
4220.02,4220.02
4187.04,4187.04
4175.14,4175.14
4166.08,4166.08
4228.02,4228.02
4202.04,4202.04
4157.1,4157.1
4157.10,4157.1
4203.04,4203.04
4172.04,4172.04
4196.01,4196.01
4217.06,4217.06
4237.02,4237.02
4184.08,4184.08
4196.05,4196.05
4181.1,4181.1
4181.10,4181.1
4212.01,4212.01
4217.02,4217.02
4222.02,4222.02
4124.04,4124.04
4214.04,4124.04
4228.06,4228.06
4231.04,4231.04
4225.14,4225.14
4246.02,4246.02
4281.08,4281.08
4193.14,4193.14
4199.12,4199.12
4214.03,4214.03
4243.01,4243.01
4244.06,4244.06
4261.03,4261.03
4237.01,4237.01
4253.02,4253.02
4293.05,4293.05
4249.1,4249.01
4249.10,4249.1
4263.12,4263.12
4249.01,4249.01
4258.07,4258.07
4255.05,4255.05
4319.07,4319.07
4322.06,4322.06
4278.03,4278.03
4301.07,4301.07
4290.06,4290.06
4317.05,4317.05
4310.06,4310.06
4307.13,4307.13
4298.05,4298.05
4348.07,4348.07
4266.03,4266.03
4345.11,4345.11
4285.09,4285.09
4366.1,4366.1
4366.10,4366.1
4301.04,4301.04
4354.07,4354.07
4327.09,4327.09
4386.05,4386.05
4330.09,4330.09
4408.07,4408.07
4383.06,4383.06
4336.01,4336.01
4357.01,4357.01
4380.08,4380.08
4342.04,4342.04
4377.04,4377.04
4325.03,4325.03
4334.02,4334.02
4404.1,4404.1
4404.10,4404.1
4339.01,4339.01
4395.07,4395.07
4374.01,4374.01
4368.05,4368.05
4392.04,4392.04
4362.04,4362.04
4371.01,4371.01
4354.05,4354.05
4366.01,4366.01
4422.04,4422.04
4386.07,4386.07
4375.02,4375.02
4455.11,4455.11
4434.06,4434.06
4425.02,4425.02
4410.02,4410.02
4413.08,4413.08
4446.05,4446.05
4399.03,4399.03
4419.03,4419.03
4441.06,4441.06
4401.04,4401.04
4467.03,4467.03
4446.01,4446.01
4452.03,4452.03
4437.01,4437.01
4450.06,4450.06
4440.02,4440.02
4416.1,4416.1
4416.10,4416.1
4437.09,4437.09
4428.02,4428.02
4422.05,4422.05
4461.01,4461.01
4446.03,4446.03
4470.09,4470.09
4491.09,4491.09
4483.1,4483.1
4483.10,4483.1
4461.07,4461.07
4455.1,4455.1
4455.10,4455.1
4432.1,4432.1
4432.10,4432.1
4519.02,4519.02
4458.06,4458.06
4488.1,4488.1
4488.10,4488.1
4494.04,4494.04
4474.01,4474.01
4479.1,4479.1
4479.10,4479.1
4485.1,4485.1
4485.10,4485.1
4507.07,4507.07
4522.07,4522.07
4528.03,4528.03
4550.05,4550.05
4461.04,4461.04
4510.04,4510.04
4497.09,4497.09
4479.06,4479.06
4546.06,4546.06
4500.07,4500.07
4546.04,4546.06
4517.03,4517.03
4513.06,4513.06
4543.07,4543.07
4452.01,4452.01
4513.09,4513.09
4476.03,4476.03
4488.08,4488.08
4582.08,4582.08
4526.01,4526.01
4534.06,4534.06
4591.04,4591.04
4528.01,4528.01
4519.04,4519.04
4562.02,4562.02
4531.05,4531.05
4565.07,4565.07
4560.01,4560.01
4553.04,4553.04
4600.09,4600.09
4614.04,4614.04
4546.05,4546.05
4587.02,4587.02
4611.03,4611.03
4628.05,4628.05
4576.11,4576.11
4596.05,4596.05
JC140,JC140
4590.01,4590.01
4596.09,4596.09
4617.01,4617.01
4637.06,4637.06
4605.04,4605.04
4631.02,4590.01
JC139,JC139
4632.1,4632.1
4632.10,4632.1
4568.01,4568.01
4593.05,4593.05
4620.02,4620.02
4625.01,4625.01
4651.02,4651.02
4659.02,4659.02
4608.01,4608.01
4634.02,4634.02
4615.01,4615.01
4656.03,4656.03
4628.07,4628.07
4640.01,4640.01
4683.02,4683.02
4663.02,4663.02
4648.03,4648.03
4623.02,4623.02
4645.04,4645.04
4665.02,4665.02
4677.06,4677.06
4715.01,4715.01
4689.08,4689.08
4695.04,4695.04
4668.08,4668.08
4680.05,4680.05
4710.06,4710.06
4645.09,4645.09
4654.01,4654.01
4718.11,4718.11
4707.04,4707.04
4718.08,4718.08
4672.01,4672.01
4689.03,4689.03
4663.06,4663.06
4707.03,4707.03
4687.03,4687.03
4692.01,4692.01
4732.04,4732.04
SYS032,SYS032
4677.01,4677.01
4637.07,4637.07
4700.06,4700.06
4724.03,4724.03
4697.01,4697.01
4748.07,4748.07
4727.06,4727.06
4721.01,4721.01
4713.01,4713.01
4729.01,4729.01
4743.04,4743.04
4719.04,4719.04
4757.06,4757.06
4735.16,4735.16
4801.04,4801.04
4759.02,4759.02
4778.03,4778.03
4781.03,4781.03
4789.03,4789.03
4732.08,4732.08
4751.01,4751.01
4801.1,4801.1
4801.10,4801.1
4771.07,4771.07
4762.04,4762.04
4762.05,4762.05
4804.03,4804.03
4735.03,4735.03
4765.07,4765.07
4756.04,4756.04
4781.05,4781.05
4812.02,4812.02
4784.02,4784.02
4768.02,4768.02
4798.1,4798.1
4798.10,4798.1
4775.01,4775.01
4816.05,4816.05
4826.04,4826.04
4798.02,4798.02
4818.02,4818.02
4824.03,4824.03
4816.02,4816.02
4862.07,4862.07
4812.04,4812.04
4850.04,4850.04
4837.03,4837.03
4804.02,4804.02
4847.03,4847.03
4821.06,4821.06
4821.03,4821.03
4829.01,4829.01
4818.03,4818.03
4861.05,4861.05
4830.02,4830.02
4871.02,4871.02
4807.02,4807.02
4914.03,4914.03
4821.1,4821.1
4821.10,4821.1
4840.06,4840.06
4873.08,4873.08
4856.05,4856.05
4832.07,4832.07
4890.11,4890.11
4862.04,4862.04
4846.01,4846.01
4853.06,4853.06
4895.09,4895.09
4895.15,4895.15
4921.04,4921.04
4864.09,4864.09
4883.03,4883.03
4880.11,4880.11
4920.13,4920.13
4889.06,4889.06
4939.07,4939.07
4904.03,4904.03
4927.04,4927.04
4912.1,4912.1
4912.10,4912.1
4895.03,4895.03
4936.01,4936.01
4937.03,4937.03
4903.09,4903.09
4892.02,4892.02
4933.03,4933.03
4903.08,4903.08
4898.02,4898.02
4947.04,4947.04
4968.03,4968.03
4945.06,4945.06
4962.09,4962.09
4956.02,4956.02
4993.13,4993.13
4931.05,4931.05
4953.04,4953.04
4962.08,4962.08
4962.02,4962.02
4933.04,4933.04
4936.21,4936.21
4977.03,4977.03
4906.07,4906.07
4954.07,4954.07
4965.01,4965.01
4994.1,4994.1
4994.10,4994.1
4979.07,4979.07
4987.06,4987.06
4963.13,4963.13
4956.09,4956.09
4962.01,4962.01
4993.02,4993.02
4993.15,4993.15
4971.01,4971.01
4985.09,4985.09
4996.08,4996.08
4990.02,4990.02
4953.08,4953.08
5051.02,5051.02
5004.02,5004.02
5018.06,5018.06
5027.02,5027.02
5034.03,5034.03
5025.02,5025.02
5010.02,5010.02
5001.08,5001.08
5057.07,5057.07
5002.09,5002.09
4982.02,4982.02
5036.06,5036.06
5033.01,5033.01
5059.02,5059.02
5043.06,5043.06
5024.1,5024.1
5024.10,5024.1
5021.05,5021.05
JC108,JC108
5053.01,5053.01
5045.05,5045.05
5090.06,5090.06
5066.03,5066.03
5065.1,5065.1
5065.10,5065.1
5084.03,5084.03
5051.01,5051.01
5099.03,5099.03
5065.12,5065.12
5096.12,5096.12
5068.02,5068.02
5074.08,5074.08
5073.07,5073.07
5057.09,5057.09
5073.07_Pillar,5073.07_Pillar
5076.04,5076.04
5073.08,5073.07
5114.06,5114.06
5065.14,5065.14
5093.01,5093.01
5105.09,5105.09
5065.04,5065.04
5115.01,5115.01
5123.07,5123.07
5117.05,5117.05
5108.01,5108.01
5097.02,5097.02
1234.56,1234.56
5105.01,5105.01
5082.08,5082.08
5125.07,5125.07
5145.02,5145.02
5129.01,5129.01
JC107,JC107
SYS038,SYS038
5156.05,5156.05
SYS016,SYS016
5137.11,5137.11
5106.04,5106.04
Shop Morgan ,Shop Morgan 
5115.05,5115.05
5159.07,5159.07
5114.08,5114.08
5146.03,5146.03
5140.06,5140.06
5099.02,5099.02
5168.04,5168.04
5137.13,5137.13
5164.05,5164.05
5148.03,5148.03
5125.03,5125.03
5170.01,5170.01
5195.06,5195.06
5198.04,5198.04
5176.04,5176.04
5137.12,5137.12
5134.09,5134.09
5138.03,5138.03
190 Morgan,190 Morgan
5175.08,5175.08
JC063,JC063
5128.04,5128.04
5167.06,5167.06
JC052,JC052
JC118,JC118
5184.08,5184.08
5137.1,5137.1
5137.10,5137.1
5225.09,5225.09
5190.09,5190.09
5187.03,5187.03
5159.04,5159.04
5178.06,5178.06
5216.06,5216.06
5160.01,5160.01
5181.04,5181.04
5199.01,5199.01
JC072,JC072
5225.02,5225.02
5250.05,5250.05
5216.07,5216.07
5235.1,5235.1
5235.10,5235.1
5190.07,5190.07
5235.05,5235.05
5207.01,5207.01
JC038,JC038
5204.05,5204.05
5267.08,5267.08
5216.04,5216.04
5217.03,5217.03
5238.05,5238.05
5270.09,5270.09
5262.09,5262.09
5210.01,5210.01
JC117,JC117
5230.02,5230.02
5225.04,5225.04
5288.08,5288.08
5259.06,5259.06
JC078,JC078
5219.05,5219.05
5282.02,5282.02
5248.05,5248.05
5273.01,5273.01
5256.06,5256.06
5270.05,5270.05
5300.05,5300.05
JC002,JC002
5270.08,5270.08
5311.08,5270.08
5294.04,5294.04
5303.08,5303.08
5241.02,5241.02
5257.01,5257.01
JC084,JC084
5280.03,5280.03
5280.02,5280.03
JC013,JC013
5247.1,5247.1
5247.10,5247.1
5267.09,5267.09
5276.04,5276.04
5288.09,5288.09
5289.05,5289.05
5288.12,5288.12
5279.03,5279.03
5283.02,5283.02
5329.08,5329.08
5335.07,5335.07
5291.05,5291.05
JC102,JC102
5355.06,5355.06
5323.06,5323.06
5297.02,5297.02
5308.04,5308.04
5308.04_,5308.04
JC110,JC110
5329.09,5329.09
5303.06,5303.06
5303.06_,5303.06
5348.1,5348.1
5348.10,5348.1
JC122,JC122
5270.07,5270.07
5360.02,5360.02
5351.03,5351.03
5342.1,5342.1
5342.10,5342.1
5343.1,5342.1
5343.10,5342.1
5300.06,5300.06
5324.03,5324.03
5335.03,5335.03
5359.1,5359.1
5359.10,5359.1
JC116,JC116
5332.1,5332.1
5332.10,5332.1
5388.01,5388.01
JC097,JC097
5354.01,5354.01
5348.02,5348.02
5359.13,5359.13
5321.08,5321.08
5340.01,5340.01
5403.04,5403.04
5359.12,5359.12
5374.01,5374.01
5395.08,5395.08
5343.11,5343.11
5351.07,5351.07
5379.1,5379.1
5379.10,5379.1
5365.02,5365.02
5329.03,5329.03
5359.11,5359.11
5371.07,5371.07
5368.03,5368.03
5362.08,5362.08
JC003,JC003
5326.06,5326.06
5382.07,5382.07
5401.03,5401.03
5409.02,5409.02
5348.06,5348.06
5411.08,5411.08
JC051,JC051
5392.04,5392.04
JC014,JC014
5419.04,5419.04
JC035,JC035
5406.02,5406.02
5400.05,5400.05
5433.04,5433.04
5382.06,5382.06
5369.01,5369.01
5348.06_old,5348.06
5434.08,5434.08
5453.05,5453.05
5379.09,5379.09
5433.03,5433.03
5422.04,5422.04
5430.08,5430.08
5442.05,5442.05
5440.05,5440.05
5411.07,5411.07
JC104,JC104
5406.04,5406.04
JC077,JC077
5403.05,5403.05
5414.07,5414.07
5391.06,5391.06
JC115,JC115
JC099,JC099
JC149,JC149
5436.11,5436.11
5430.1,5430.1
5430.10,5430.1
5431.01,5431.01
5458.02,5458.02
5470.13,5470.13
5470.02,5470.02
JC148,JC148
5450.01,5450.01
5422.09,5422.09
5434.07,5434.07
5414.06,5414.06
5470.12,5470.12
5489.03,5489.03
5443.02,5443.02
5489.06,5489.06
5453.06,5453.06
5445.02,5445.02
5445.07,5445.07
5436.09_Pillar,5436.09
5436.09,5436.09
5442.09,5442.09
5476.03,5476.03
5450.04,5450.04
5471.04,5471.04
JC006,JC006
5453.01,5453.01
5473.06,5473.06
5470.1,5470.1
5470.10,5470.1
5504.05,5504.05
5474.06,5474.06
5513.11,5513.11
JC032,JC032
5501.06,5501.06
5473.03,5473.03
JC076,JC076
JC082,JC082
5481.04,5481.04
5500.02,5500.02
5539.06,5539.06
JC145,JC145
5484.09,5484.09
5515.02,5515.02
5492.05,5492.05
JC095,JC095
5503.01,5503.01
5506.14,5506.14
5523.02,5523.02
5509.02,5509.02
5543.03,5543.03
5510.05,5510.05
5500.07,5500.07
5489.04,5489.04
5510.02,5510.02
5551.14,5551.14
5558.04,5558.04
5545.04,5545.04
5553.1,5553.1
5553.10,5553.1
5550.05,5550.05
5561.04,5561.04
5569.07,5569.07
5542.04,5542.04
JC074,JC074
5515.08,5515.08
5593.01,5593.01
5570.04,5570.04
5553.21,5553.21
5532.01,5532.01
5539.08,5539.08
JC020,JC020
5540.06,5540.06
5506.1,5506.1
5506.10,5506.1
5543.05,5543.05
5582.06,5582.06
5591.08,5591.08
5550.09,5550.09
5551.12,5551.12
5579.02,5579.02
5520.09,5520.09
5578.02,5578.02
5545.01,5545.01
JC023,JC023
5548.01,5548.01
JC098,JC098
5561.08,5561.06
5610.09,5610.09
5584.04,5584.04
5561.06,5561.06
JC053,JC053
5553.03,5553.03
5626.06,5626.06
5623.03,5623.03
5636.13,5636.13
5569.06,5569.06
5600.01,5600.01
5593.02,5593.02
5575.13,5575.13
5602.06,5602.06
5584.05,5584.05
5614.03,5614.03
5616.01,5616.01
SYS025,SYS025
JC027,JC027
5572.07,5572.07
JC055,JC055
5581.01,5581.01
5611.04,5611.04
JC075,JC075
JC093,JC093
5613.04,5613.04
5575.08,5575.08
5666.11,5666.11
5653.12,5653.12
JC081,JC081
5633.04,5633.04
5679.08,5679.08
5579.04,5579.04
5626.07,5626.07
5593.04,5593.04
5626.15,5626.15
5644.05,5644.05
5667.08,5667.08
5611.05,5611.05
5634.03,5634.03
5634.01,5634.01
5676.04,5676.04
5657.06,5657.06
5679.05,5679.05
5666.04,5666.04
5687.04,5687.04
JC066,JC066
5616.08,5616.08
5669.12,5669.12
5685.06,5685.06
5659.05,5659.05
5636.11,5636.11
5659.11,5659.11
JC094,JC094
5709.03,5709.03
5712.12,5712.12
JC009,JC009
5696.03,5696.03
5701.01,5701.01
5626.13,5626.13
5656.03,5656.03
5667.03,5667.03
5709.04,5709.04
5687.11,5687.11
5669.1,5669.1
5669.10,5669.1
5710.04,5710.04
SYS033,SYS033
5721.07,5721.07
5677.04,5677.04
5703.13,5703.13
5761.06,5761.06
5703.13_Pillar,5703.13_Pillar
SYS035,SYS035
JC008,JC008
5730.08,5730.08
5688.02,5688.02
5753.02,5753.02
5755.01,5755.01
5752.07,5752.07
5721.14,5721.14
5736.09,5736.09
5744.07,5744.07
5712.03,5712.03
5746.14,5746.14
5777.03,5777.03
5779.09,5779.09
5746.02,5746.02
5795.07,5795.07
5712.10,5712.10
5755.15,5755.15
5743.02,5743.02
5769.06,5769.06
5752.09,5752.09
5761.05,5761.05
5818.07,5818.07
5788.13,5788.13
5785.05,5785.05
5731.03,5731.03
5779.11,5779.11
5763.03,5763.03
5721.01_Pillar,5721.01
5721.01,5721.01
5755.09_Pillar,5755.09
5755.09,5755.09
JC109,JC109
5786.02,5786.02
5772.05,5772.05
JC019,JC019
5785.1,5785.1
5785.10,5785.1
5788.16,5788.16
5779.1,5779.1
5779.10,5779.1
5820.08_Pillar,5820.08_Pillar
5755.14,5755.14
5764.02,5764.02
5820.08,5820.08
5803.03,5803.03
5806.01,5806.01
5805.05,5805.05
5794.05,5794.05
5847.08,5847.08
5805.07,5805.07
5779.08,5779.08
5788.12,5788.12
5851.01,5851.01
5838.09,5838.09
5797.01,5797.01
5826.02,5826.02
5854.1,5854.1
5854.10,5854.1
5836.08,5836.08
5827.01,5827.01
5829.12,5829.12
5788.15,5788.15
5869.04,5869.04
5847.1,5847.1
5847.10,5847.1
5872.1,5872.1
5872.10,5872.1
5836.09,5836.09
5847.01,5847.01
5870.05,5870.05
5845.02,5845.02
5861.04,5861.04
5886.13,5886.13
5872.08,5872.08
5847.09,5847.09
5847.06,5847.06
5894.01,5894.01
JC103,JC103
5854.09,5854.09
5881.01,5881.01
5860.02,5860.02
5880.02,5880.02
5863.07,5863.07
5883.08,5883.08
5896.01,5896.01
5883.06,5883.06
5905.12,5905.12
5878.02,5878.02
JC034,JC034
5887.03,5887.03
5905.14,5905.14
JC018,JC018
5922.04,5922.04
JC105,JC105
5902.07,5902.07
5914.08,5914.08
5914.03,5914.03
5922.07,5922.07
5938.11,5938.11
5947.04,5947.04
5903.06,5903.06
5977.01,5977.01
5944.01,5944.01
5917.02,5917.02
5945.03,5945.03
5923.02,5923.02
5956.04,5956.04
5971.08,5971.08
5955.12,5955.12
HB101,HB101
HB102,HB102
5938.01,5938.01
5920.03,5920.03
5964.01,5964.01
5936.06,5936.06
5962.04,5962.04
5922.08,5922.08
5947.06,5947.06
5929.01,5929.01
5930.02,5930.02
HB106,HB106
6005.04,6005.04
HB612,HB612
6011.04,6011.04
HB103,HB103
5929.07,5929.07
5980.1,5980.1
5980.10,5980.1
5980.07,5980.1
5956.05,5956.05
5945.01,5945.01
5995.07,5995.07
5971.09,5971.09
HB609,HB609
6022.04_Pillar,6022.04
6022.04,6022.04
5953.03,5953.03
HB105,HB105
6016.06,6016.06
HB409,HB409
5997.1,5997.1
5997.10,5997.1
HB401,HB401
5987.03,5987.03
JC022,JC022
JC065,JC065
5992.02,5992.02
6030.04,6030.04
5983.04,5983.04
6013.12,6013.12
6028.01,6028.01
5989.02,5989.02
6014.01,6014.01
6004.07,6004.07
6019.04,6019.04
6025.08,6025.08
6055.08,6055.08
5980.11,5980.11
6047.03,6047.03
6056.02,6056.02
6001.01,6001.01
6098.12,5980.11
HB402,HB402
5998.09,5998.09
6070.05,6070.05
6072.06,6072.06
6046.02,6046.02
HB608,HB608
6020.02,6020.02
6037.02,6037.02
6039.06,6039.06
6030.06,6030.06
6080.07,6080.07
6072.16,6072.16
6058.08,6058.08
6004.06,6004.06
6086.02,6086.02
6064.08,6064.08
6098.02,6098.02
HB407,HB407
6101.11,6101.11
6105.02,6105.02
6098.1,6098.1
6098.10,6098.1
6115.06,6115.06
6033.01,6033.01
6089.07,6089.07
6104.01,6104.01
6067.01,6067.01
6062.03,6062.03
6107.08,6107.08
6089.11,6089.11
HB611,HB611
6110.01,6110.01
6092.01,6092.01
6113.07,6113.07
6053.01,6053.01
HB408,HB408
6116.03,6116.03
6096.01,6096.01
6131.1,6131.1
HB607,HB607
6072.11,6072.11
6134.13,6134.13
6119.01,6119.01
6099.02,6099.02
6076.02,6076.02
6079.03,6079.03
6089.08,6089.08
6123.02,6123.02
6122.09,6122.09
6140.05,6140.05
6148.02,6148.02
6108.03,6108.03
6158.02,6158.02
6157.04,6157.04
6090.03,6090.03
6138.02,6138.02
6143.05,6143.05
6143.01,6143.01
HB301,HB301
6170.02,6170.02
6170.1,6170.1
6170.10,6170.1
6137.04,6137.04
6182.02,6182.02
6165.06,6165.06
6155.03,6155.03
6134.03,6134.03
6128.04,6128.04
6191.04,6191.04
HB601,HB601
6131.12,6131.12
JC024,JC024
6131.13,6131.13
6115.09,6115.09
6146.01,6146.01
6132.01,6132.01
6185.04,6185.04
6173.08_Pillar,6173.08
6173.08,6173.08
6141.02,6141.02
6183.03,6183.03
6197.02,6197.11
6170.09,6170.09
6197.11,6197.11
6167.03,6167.03
6180.05,6180.05
6164.09,6164.09
HB602,HB602
HB404,HB404
6190.08,6190.08
6138.07,6138.07
6197.08,6197.08
6158.06,6158.06
6216.01,6216.01
6149.02,6149.02
6233.05,6233.05
6171.02,6171.02
6179.07,6179.07
6224.05,6224.05
6190.03,6190.03
6176.11,6176.11
6209.08,6209.08
6174.03,6174.03
6213.01,6213.01
6237.01,6237.01
6239.08,6239.08
6215.04,6215.04
6231.01,6231.01
6151.03,6151.03
6260.04,6260.04
6222.04,6222.04
6230.04,6230.04
6218.04,6218.04
JC057,JC057
6212.04,6212.04
6185.07,6185.07
6206.08,6206.08
6225.03,6225.03
6188.04,6188.04
HB302,HB302
6242.1,6242.1
6242.10,6242.1
6207.06,6207.06
6234.08,6234.08
6200.03,6200.03
6198.03,6198.03
6224.03,6224.03
6227.02,6227.02
6209.05,6209.05
6194.06,6194.06
6257.03,6257.03
6258.03,6258.03
6212.08,6212.08
6191.06,6191.06
6254.06,6254.06
6248.06,6248.06
6234.04,6234.04
6203.02,6203.02
6215.07,6215.07
6255.02,6255.02
6251.06,6251.06
HB303,HB303
6234.03,6234.03
6290.06,6290.06
6276.05,6276.05
6266.06,6266.06
6292.03,6292.03
6278.05,6278.05
6306.01,6306.01
6280.12,6280.12
6234.01,6234.01
6264.06,6264.06
6249.02,6249.02
6267.08,6267.08
6295.07,6295.07
6245.08,6245.08
6224.06,6224.06
JC080,JC080
6248.08,6248.08
6233.11,6233.11
HB603,HB603
6287.02,6287.02
6240.05,6240.05
6273.03,6273.03
6283.05,6283.05
6230.02,6230.02
6289.06,6289.06
6323.11,6323.11
HB304,HB304
6281.01,6281.01
6332.1,6332.1
6332.10,6332.1
6280.13,6280.13
6300.04,6300.04
6297.08,6297.08
6247.06_Pillar,6247.06
6247.06,6247.06
6257.06,6247.06
6306.07,6306.07
6276.02,6276.02
6233.04,6233.04
6332.09,6332.09
6306.06_Pillar,6306.06
6306.06,6306.06
6325.01,6325.01
6298.04,6298.04
6319.01,6319.01
6329.06,6329.06
6303.01,6303.01
6334.03,6334.03
6290.13,6290.13
6352.01,6352.01
6307.07,6307.07
6286.02,6286.02
6316.05,6316.05
6297.02,6297.02
6319.07,6319.07
6258.02,6258.02
6313.1,6313.1
6313.10,6313.1
6322.01,6322.01
6304.04,6304.04
6339.06,6339.06
HB305,HB305
6323.04,6323.04
6297.07,6297.07
6345.08,6345.08
6319.03,6319.03
HB501,HB501
6356.01,6356.01
6349.03,6349.03
6314.09,6314.09
6398.08,6398.08
6310.06,6310.06
6314.02,6314.02
JC059,JC059
6337.09,6337.09
6303.02,6303.02
6390.05,6390.05
6374.05,6374.05
6392.02,6392.02
6340.09,6340.09
6364.07,6364.07
6332.06,6332.06
6331.01,6331.01
6346.02,6346.07
6346.07,6346.07
6319.04,6319.04
6365.1,6365.1
6365.10,6365.1
6417.11,6417.11
6371.03,6371.03
6401.03,6401.03
6383.06,6383.06
6405.03,6405.03
6383.02,6383.06
6389.09,6389.09
6380.1,6380.1
6380.10,6380.1
6364.1,6364.1
6364.10,6364.1
6373.07,6373.07
6361.03,6361.03
6382.05,6382.05
6414.07,6414.07
HB503,HB503
HB502,HB502
6358.05,6358.05
6379.03,6379.03
6416.06,6416.06
HB508,HB508
6401.01,6401.01
6435.03,6435.03
6422.08,6422.08
6398.06,6398.06
6426.05,6426.05
6417.04,6417.04
6395.01,6395.01
6423.03,6423.03
6450.05,6450.05
6459.04,6459.04
HB201,HB201
6432.11,6432.11
6433.01,6433.01
6408.08,6408.08
HB507,HB507
6468.01,6468.01
6441.01,6441.01
6462.19,6462.19
6432.15,6432.15
6422.09,6422.09
6429.01,6429.01
6441.11,6441.01
6457.06,6457.06
6448.07,6448.07
6425.04,6425.04
6435.02,6435.02
6450.12,6450.12
6432.08,6432.08
6490.02,6490.02
6441.02,6441.02
6438.05,6438.05
6442.08,6442.08
6495.17,6495.17
6432.09,6432.09
HB505,HB505
HB610,HB610
6438.04,6438.05
6460.06,6460.06
6432.10,6432.1
6432.1,6432.1
6474.11,6474.11
6498.09,6498.09
6483.06,6483.06
6462.09,6462.09
6432.10_Pillar,6432.10_Pillar
6441.06,6441.06
6486.07,6486.07
6475.07,6475.07
6499.06,6499.06
6453.02,6453.02
6505.09,6505.01
6464.08,6464.08
6493.03,6493.03
6492.08,6492.08
6464.09,6464.09
6459.07,6459.07
6505.01,6505.01
6526.01,6526.01
HB202,HB202
6451.07,6451.07
6560.15,6560.15
6509.07,6509.07
6465.04,6465.04
6520.07,6520.07
6529.02,6529.02
6498.1,6498.1
6498.10,6498.1
6502.01,6502.01
6471.02,6471.02
6524.01,6524.01
6511.03,6511.03
6551.11,6551.11
6462.05,6462.05
6561.01,6561.01
6518.08,6518.13
6492.04,6492.04
6566.01,6566.01
6554.05,6554.05
6518.13,6518.13
6567.03,6567.03
6533.02,6533.02
6542.05,6542.05
Lab - NYC,Lab - NYC
HB506,HB506
6520.06,6520.06
6569.09,6569.09
6545.07,6545.07
6536.02,6536.02
Lab - NYC - Monolith,Lab - NYC - Monolith
6569.09_,6569.09
6552.07,6552.07
HB203,HB203
6532.06,6532.06
6526.05,6526.05
6569.07,6569.07
6569.08,6569.08
6541.03,6541.03
6527.07,6527.07
6570.06,6570.06
6538.11,6538.11
6524.09,6524.09
6535.05,6535.05
6560.14,6560.14
6596.1,6596.1
6596.10,6596.1
6517.08,6517.08
6517.08_,6517.08
6603.07,6603.07
6585.11,6585.11
6560.01,6560.01
6535.04,6535.04
6584.12,6584.12
6515.01,6515.01
6514.08,6514.08
6593.14,6593.14
6575.03,6575.03
6587.04,6587.04
6551.16,6551.16
6563.12,6563.12
6579.03,6579.03
6629.06,6629.06
6576.07,6576.07
6578.01,6578.01
6551.02,6551.02
6594.02,6594.02
6609.03,6609.03
6608.09,6608.09
6581.14,6581.14
6602.03_Pillar,6602.03
6602.03,6602.03
6644.04,6644.04
6627.12,6627.12
6644.08,6644.08
6572.08,6572.08
6611.02,6611.02
6612.09,6612.09
6611.07,6611.07
6638.01,6638.08
6605.08,6605.08
6593.15,6593.15
6642.08,6642.08
6645.06,6645.06
6660.07,6660.07
6659.01,6659.01
6638.08,6638.08
6614.01,6614.01
6626.01,6626.01
6603.06,6603.06
6599.01,6599.01
6659.1,6659.1
6659.10,6659.1
6621.06,6621.06
6664.05,6664.05
6618.02,6618.02
6654.05,6654.05
6651.01,6651.01
6602.05,6602.05
6677.03,6677.03
6656.05,6656.05
6617.02,6617.02
6662.09,6662.09
6670.03,6670.03
6633.01,6633.01
6626.11,6626.11
6683.01,6683.01
6636.04,6636.04
6650.07,6650.07
6662.01,6662.01
6679.11,6679.11
6667.12,6667.04
6617.09,6617.09
6668.06,6668.06
6686.07,6686.07
6667.04,6667.04
6659.09,6659.09
6701.05,6701.05
6718.02,6718.02
6682.03,6682.03
6660.05,6660.05
6644.07,6644.07
6711.13,6711.13
6682.08,6682.08
6723.1,6723.1
6723.10,6723.1
6676.02,6676.02
6691.11,6691.11
6709.01,6709.01
6692.03,6692.03
6743.06,6743.06
6709.05,6709.05
6688.01,6688.01
6717.01,6717.01
6720.07,6720.07
6659.03,6659.03
6700.14,6700.14
6700.01,6700.01
6724.01,6724.01
6399.06,6399.06
6735.03,6735.03
6756.01,6756.01
6727.02,6727.02
6708.04,6708.04
6729.02,6729.02
6717.06,6717.06
6741.03,6741.03
6750.16,6750.16
6726.01,6726.01
6740.1,6740.1
6740.10,6740.1
6703.06,6703.06
6772.11,6772.11
6765.01,6765.01
6762.02,6762.02
6759.15,6759.15
6748.04,6748.04
6787.02,6787.02
6782.01,6782.01
6753.08,6753.08
6774.13,6774.13
6740.01,6740.01
6763.08,6763.08
6793.01,6793.01
6737.03,6737.03
6786.02,6786.02
6780.06,6780.06
6732.01,6732.01
6789.04,6789.2
6779.07,6779.07
6747.07,6747.07
6771.13,6771.13
6789.08,6789.08
6733.01,6733.01
6756.05,6756.05
6757.03,6757.03
6789.2,6789.2
6789.20,6789.2
6747.06,6747.06
6779.04,6779.04
6766.03,6766.03
6824.07,6824.07
6798.01,6798.01
6839.04,6839.04
6810.01,6810.01
6762.04,6762.04
6830.04,6762.04
6819.15,6819.15
6806.06,6806.06
6809.09,6809.09
6817.15,6817.15
6842.02,6842.02
6827.11,6827.11
6809.07,6809.07
6795.01,6795.01
6812.06,6812.06
6779.05,6779.05
6801.01,6801.01
6854.05,6854.05
6816.07,6816.07
6836.07,6836.07
6814.01,6814.01
6830.02,6830.02
6869.1,6869.1
6869.10,6869.1
6879.04,6879.04
6847.05,6847.05
6850.01,6850.01
6848.04,6848.04
6825.03,6825.03
6877.06,6877.06
6839.1,6839.1
6839.10,6839.1
6840.02,6840.02
6839.15,6839.15
6804.01,6804.01
6855.02,6855.02
6860.12,6860.12
6890.06,6890.06
6801.16,6801.16
6857.09,6857.09
6822.09,6822.09
6869.06,6869.06
6847.02,6847.02
6873.01,6873.01
6887.03,6887.03
6885.01,6885.01
6884.06,6884.06
6915.02,6915.02
6905.02,6905.02
6907.03,6907.03
6893.1,6893.1
6893.10,6893.1
6920.03,6920.05
6913.03,6913.03
6876.04,6876.04
6884.03,6884.03
6865.03,6865.03
6920.05,6920.05
6877.05,6877.05
6904.06,6904.06
6921.04,6921.04
6929.01,6929.01
6889.12,6889.12
6912.01_Pillar,6912.01
6912.01,6912.01
6890.01,6890.01
6901.01,6901.01
6948.1,6948.1
6948.10,6948.1
6896.16,6896.16
6937.07,6937.07
6951.03,6951.03
6926.01,6926.01
6923.2,6923.2
6923.20,6923.2
6943.07,6943.07
6949.03,6949.03
6949.04,6949.03
6932.14,6932.14
6969.08,6969.08
6964.05,6964.05
6955.01,6955.01
6966.04,6966.04
6955.05,6955.05
6941.03,6941.03
6927.03,6927.03
6958.06,6958.06
6994.06,6994.06
6960.1,6960.12
6960.10,6960.1
6925.09,6925.09
6960.12,6960.12
6970.02,6970.02
6953.08,6953.08
6932.15,6932.15
6935.01,6935.01
7003.06,7003.06
6986.07,6986.07
7009.06,7009.06
6989.07,6989.07
7028.04,7028.04
7014.12,7014.12
6981.16,6981.16
7032.02,7032.02
6978.04,6978.04
6996.01,6996.01
7023.04,7023.04
7036.07,7036.07
7060.02,7060.02
7020.02,7020.02
6991.12,6991.12
7018.01,7018.01
7023.09,7023.09
6998.08,6998.08
7039.03,7039.03
7026.08,7026.08
7009.02,7009.02
7020.09,7020.09
7059.01,7059.01
7052.01,7052.01
7034.09,7034.09
7032.06,7032.06
7059.08,7059.08
7049.04,7049.04
7068.07,7068.07
7074.01,7074.01
7062.07,7062.07
7100.07,7100.07
7084.12,7084.12
7057.07,7057.07
7066.01,7066.01
7119.04,7119.04
7047.07,7047.07
7092.06,7092.06
7082.14,7082.14
7079.06,7079.06
7128.08,7128.08
7121.13,7121.13
7121.02,7121.02
7098.05,7098.05
7082.08,7082.08
7111.1,7111.1
7111.10,7111.1
7152.10,7152.1
7152.1,7152.1
7126.01,7126.01
7149.05,7149.05
7132.08,7132.08
7137.04,7137.04
7116.04,7116.04
7123.04,7123.04
7113.08,7113.08
7146.04,7146.04
7163.07,7163.07
7180.02,7180.02
7154.07,7154.07
7154.1,7154.1
7154.10,7154.1
7141.07,7141.07
7178.02,7178.02
7144.02,7144.02
7161.08,7161.08
7170.04,7170.04
7188.10,7188.1
7188.1,7188.1
7159.08,7159.08
7165.01,7165.01
7175.05,7175.05
7196.04,7196.04
7186.15,7186.15
7207.08,7207.08
7183.03,7183.03
7204.08,7204.08
7212.05,7212.05
7220.01,7220.01
7202.07,7202.07
7188.13,7188.13
7235.13,7235.13
7210.07,7210.07
7230.10,7230.1
7230.1,7230.1
7243.04,7243.04
7233.05,7233.05
7253.04,7253.04
7260.09,7260.09
7271.01,7271.01
7256.01,7256.01
7281.09,7281.09
7284.01,7284.01
7288.04,7288.04
7265.1,7265.1
7265.10,7265.1
7286.01,7286.01
7293.1,7293.1
7293.10,7293.1
7291.06,7291.06
7286.05,7286.05
7323.09,7323.09
7286.02,7286.02
7314.03,7314.03
7304.08,7304.08
7327.01,7327.01
7311.02,7311.02
7311.07,7311.07
7344.05,7344.05
7363.03,7363.03
7342.01,7342.01
7338.02,7338.02
7340.06,7340.06
7354.01,7354.01
7365.13,7365.13
7363.04,7363.04
7360.1,7360.1
7360.10,7360.1
7372.10,7372.1
7372.1,7372.1
MTL-LAB-BKN,MTL-LAB-BKN
7344.01,7344.01
7365.08,7365.08
7391.02,7391.02
7382.04,7382.04
7409.04,7409.04
7386.1,7386.1
7386.10,7386.1
7409.08,7409.08
7407.13,7407.13
7388.1,7388.1
7388.10,7388.1
7414.17,7414.17
7393.09,7393.09
7443.17,7443.17
7432.09,7432.09
7458.03,7458.03
7436.16,7436.16
7453.01,7453.01
7436.11,7436.11
7456.03,7456.03
7443.01,7443.01
7484.05,7484.05
7432.04,7432.04
7458.09,7432.04
7463.09,7463.09
7453.08,7453.08
7488.24,7488.24
7482.15,7482.15
7520.07,7520.07
7504.18,7504.18
7502.01,7502.01
7511.19,7511.19
7522.02,7522.02
7538.18,7538.18
7524.16,7524.16
7514.06,7514.06
7504.19,7504.19
7528.31,7528.31
7514.01,7514.01
7541.01,7541.01
7524.09,7524.09
7540.02,7540.02
7450.05,7450.05
7540.05,7450.05
7575.01,7575.01
7567.06,7567.06
7543.15,7543.15
7571.01,7571.01
7577.27,7577.27
7538.14,7538.14
7563.07,7563.07
7579.11,7579.11
7563.06,7563.06
7595.17,7595.17
7580.01,7580.01
7596.11,7596.11
7596.1,7596.1
7579.01,7579.01
7587.16,7587.16
7599.09,7599.09
7606.01,7606.01
7602.05,7602.05
7599.02,7599.02
7610.13,7610.13
7611.02,7611.02
7617.07,7617.07
7619.05,7619.05
4792.03,4792.03
4843.01,4843.01
7613.04,7613.04
7618.01,7618.01
7625.18,7625.18
7622.12,7622.12
7625.22,7625.18
7634.01,7634.01
7626.02,7626.02
7627.1,7627.1
7627.10,7627.1
7652.04,7652.04
7623.13,7623.13
7640.04,7640.04
7639.06,7639.06
7631.23,7631.23
7650.05,7650.05
7643.18,7643.18
7648.16,7648.16
7655.22,7655.22
7642.04,7642.04
7646.04,7646.04
7636.05,7636.05
7667.04,7667.04
7657.03,7657.03
7658.13,7658.13
7685.14,7685.14
7654.04,7654.04
7680.03,7680.03
7670.09,7670.09
7682.01,7682.01
7687.05,7687.05
7688.12,7688.12
7669.1,7669.1
7669.10,7669.1
7696.07,7696.07
7662.13,7662.13
7691.05,7691.05
7713.01,7713.01
7716.19,7716.19
7692.11,7692.11
7703.14,7703.14
7701.21,7701.21
7719.13,7719.13
7707.08,7707.08
7712.04,7712.04
7735.23,7735.23
7704.04,7704.04
7713.11,7713.11
7726.02,7726.02
7720.03,7720.03
7712.06,7712.06
7727.07,7727.07
7722.06,7722.06
7727.08,7727.07
7737.06,7737.06
7738.04,7738.04
7740.08,7740.08
7723.01,7723.01
7735.05,7735.05
7748.02,7748.02
7741.04,7741.04
7753.13,7753.13
7744.06,7744.06
7759.08,7759.08
7745.07,7745.07
7755.03,7755.03
7751.05,7751.05
7756.10,7756.1
7756.1,7756.1
7777.02,7777.02
7788.13,7788.13
7783.18,7783.18
7769.06,7769.06
7774.02,7774.02
7798.02,7798.02
7795.09,7795.09
7803.02,7803.02
7781.1,7781.1
7781.10,7781.1
7767.06,7767.06
7790.04,7790.04
7812.01,7812.01
7803.08,7803.08
7800.03,7800.03
7814.01,7814.01
7832.04,7832.04
7820.05,7820.05
7793.02,7793.02
7830.03,7830.03
7823.03,7823.03
7816.14,7816.14
7818.17,7818.17
7821.01,7821.01
7809.13,7809.13
7840.11,7840.11
7807.04,7807.04
7851.04,7851.04
7835.1,7835.1
7835.10,7835.1
7853.01,7853.01
7844.05,7844.05
7837.3,7837.3
7837.30,7837.3
7849.1,7849.1
7849.10,7849.1
7842.16,7842.16
7840.05,7840.05
7883.06,7883.06
7845.06,7845.06
7879.01,7879.01
7855.03,7855.03
7858.02,7858.02
7872.03,7872.03
7863.03,7863.03
7865.09,7865.09
7868.05,7868.05
7891.06,7891.06
7884.04,7884.04
7867.04,7867.04
7881.09,7881.09
7860.08,7860.08
7886.02,7886.02
7898.03,7898.03
7883.09,7883.09
7905.05,7905.05
7883.1,7883.09
7883.10,7883.1
7870.02,7870.02
7876.07,7876.07
7903.02,7903.02
7893.05,7893.05
7918.12,7918.12
7920.05,7920.05
7910.01,7910.01
7909.07,7909.07
7896.11,7896.11
7913.15,7913.15
7741.01,7741.01
7901.04,7901.04
7906.13,7906.13
7931.05,7931.05
7940.02,7940.02
7922.01,7922.01
7915.11,7915.11
7935.07,7935.07
7932.10,7932.1
7932.1,7932.1
7945.03,7945.03
7944.12,7944.12
7927.08,7927.08
7910.1,7910.1
7910.10,7910.1
7940.04,7940.04
7937.15,7937.15
7942.07,7942.07
7952.02,7952.02
7948.1,7948.1
7948.10,7948.1
7957.11,7957.11
7967.04,7967.04
7945.07,7945.07
7970.05,7970.05
7959.18,7959.18
7971.07,7971.07
7954.12,7954.12
7962.01,7962.01
7942.21,7942.21
7983.02,7983.02
7984.04,7984.04
7976.08,7976.08
8000.02,8000.02
7974.01,7974.01
7987.14,7987.14
7966.02,7966.02
7981.27,7981.27
8005.08,8005.08
7981.16,7981.16
7979.17,7979.17
7991.01,7991.01
8004.03,8004.03
7995.04,7995.04
7992.04,7992.04
7997.08,7997.08
8009.05,8009.05
7983.04,7983.04
8016.07,8016.07
8005.03,8005.03
8008.03,8008.03
8029.28,8029.28
8025.01,8025.01
8040.03,8040.03
8049.05,8049.05
8012.04,8012.04
8018.09,8018.09
8033.09,8033.09
8021.11,8021.11
8024.05,8024.05
8013.07,8013.07
8036.05,8036.05
8018.04,8018.04
8044.09,8044.09
8020.01,8020.01
8041.07,8041.07
8052.02,8052.02
8048.04,8048.04
8049.1,8049.1
8049.10,8049.1
8048.01,8048.01
8052.01,8052.01
8054.04,8054.04
8065.13,8065.13
8069.01,8069.01
8057.02,8057.02
8081.01,8081.01
8064.03,8064.03
8068.01,8068.01
7888.1,7888.1
7888.10,7888.1
7925.04,7925.04
8060.01,8060.01
8076.08,8076.08
8061.01,8061.01
8077.07,8077.07
8084.03,8084.03
8085.13,8085.13
8080.01,8080.01
8085.05,8085.05
8100.01,8100.01
8088.01,8088.01
8072.06,8072.06
8089.05,8089.05
8096.02,8096.02
8107.1,8107.1
8107.10,8107.1
8118.02,8118.02
8111.04,8111.04
8099.04,8099.04
8092.06,8092.06
8096.03,8096.03
8104.1,8104.1
8104.10,8104.1
8108.02,8108.02
8095.06,8095.06
8085.09,8085.09
8130.02,8130.02
8110.04,8110.04
8103.05,8103.05
8115.01,8115.01
8123.02,8123.02
8114.02,8114.02
8133.08,8133.08
8119.05,8119.05
8145.03,8145.03
8122.04,8122.04
8123.06,8123.06
8111.07,8111.07
8129.02,8129.02
8142.03,8142.03
8126.07,8126.07
8149.09,8149.09
8138.07,8138.07
8137.06,8137.06
8141.05,8141.05
8160.03,8160.03
8167.02,8167.02
8152.03,8152.03
8157.06,8157.06
8167.04,8167.04
8153.1,8153.1
8153.10,8153.1
8156.03,8156.03
8172.07,8172.07
8144.09,8144.09
8179.03,8179.03
8183.08,8183.08
8163.05,8163.05
8182.02,8182.02
8171.06,8171.06
8176.01,8176.01
8156.01,8156.01
8175.06,8175.06
8187.04,8187.04
8194.07,8194.07
8190.03,8190.03
8183.02,8183.02
8209.01,8209.01
8218.04,8218.04
8191.01,8191.01
8216.02,8216.02
8186.01,8186.01
8210.01,8210.01
8198.05,8198.05
8196.02,8196.02
8206.17,8206.17
8194.06,8194.06
8205.05,8205.05
8231.09,8231.09
8212.01,8212.01
8225.05,8225.05
8226.05,8226.05
8213.01,8213.01
8229.04,8229.04
8233.01,8233.01
8249.1,8249.1
8249.10,8249.1
8248.05,8248.05
8226.06,8226.06
8236.01,8236.01
8252.03,8252.03
8254.01,8254.01
8242.04,8242.04
8226.07,8226.07
8241.07,8241.07
8257.03,8257.03
8245.03,8245.03
8262.07,8262.07
8265.09,8265.09
8277.03,8277.03
8272.08,8272.08
8272.05,8272.05
8281.06,8281.06
8268.08,8268.08
8290.01,8290.01
8278.05,8278.05
8269.01,8269.01
8284.01,8284.01
8306.03,8306.03
8288.11,8288.11
8285.09,8285.09
8320.01,8320.01
8285.11,8285.11
8307.05,8307.05
8272.01,8272.01
8327.15,8327.15
8325.08,8325.08
8299.03,8299.03
8293.12,8293.12
8303.06,8303.06
8319.01,8319.01
8315.03,8315.03
8330.05,8330.05
8346.06,8346.06
8335.02,8335.02
8316.02,8316.02
8323.05,8323.05
8351.06,8351.06
8353.02,8353.02
8340.01,8340.01
8348.02,8348.02
8325.12,8325.12
8356.02,8356.02
8344.04,8344.04
8358.1,8358.1
8358.10,8358.1
8362.02,8362.02
8366.07,8366.07
8336.02,8336.02
8356.04,8356.04
8353.09,8353.09
8366.06,8366.06
8344.09,8344.09
8379.06,8379.06
8358.03,8358.03
8384.03,8384.03
8362.09,8362.09
8374.02,8374.02
8392.02,8392.02
8397.02,8397.02
8369.08,8369.08
8379.07,8379.07
8410.1,8410.1
8410.10,8410.1
8394.15,8394.15
8384.04,8384.04
8387.03,8387.03
8381.04,8381.04
8403.02,8403.02
8407.03,8407.03
8421.03,8381.04
8415.01,8415.01
8416.1,8416.1
8416.10,8416.1
8399.06,8399.06
8416.07,8416.07
8428.05,8428.05
8430.03,8430.03
8432.11,8432.11
8441.01,8441.01
8427.05,8427.05
8441.05,8441.05
8425.01,8425.01
8428.04,8428.04
8447.07,8447.07
8435.04,8435.04
8451.07,8451.07
8456.05,8456.05
8467.03,8467.03
8453.14,8453.14
8465.01,8465.01
8456.02,8456.02
8462.09,8462.09
8483.02,8483.02
8458.03,8458.03
8472.08,8472.08
8478.11,8478.11
8469.05,8469.05
8494.06,8494.06
8494.07,8494.07
8485.01,8485.01
8500.01,8500.01
8474.02,8474.02
8494.01,8494.01
8496.01,8496.01
8472.06,8472.06
8491.07,8491.07
8489.06,8489.06
8511.08,8511.08
8502.04,8502.04
8535.01,8535.01
8520.01,8520.01
8514.05,8514.05
8505.08,8505.08
8510.02,8510.02
8507.02,8507.02
8532.03,8532.03
8531.05,8531.05
8539.02,8539.02
8526.03,8526.03
8550.04,8550.04
8528.05,8528.05
8541.04,8541.04
8555.05,8555.05
8535.09,8535.09
8550.01,8550.01
8543.01,8543.01
8563.06,8563.06
8558.01,8558.01
8575.02,8575.02
8566.05,8566.05
8582.09,8582.09
8559.04,8559.04
8546.06,8546.06
8547.04,8547.04
8579.05,8579.05
8579.09,8579.09
8571.02,8571.02
8586.09,8586.09
8590.01,8590.01
8583.02,8583.02
8579.03,8579.03
8582.02,8582.02
8582.1,8582.02
8582.10,8582.1
8601.04,8601.04
8613.09,8613.09
8605.06,8605.06
8616.06,8616.06
8597.01,8597.01
8643.01,8643.01
8624.01,8624.01
8632.07,8632.07
8615.01,8615.01
8619.02,8619.02
8639.01,8639.01
8647.10,8647.1
8647.1,8647.1
8636.04,8636.04
8635.09,8635.09
8650.11,8650.11
8635.08,8635.08
8665.09,8665.09
8631.03,8631.03
8664.06,8664.06
8646.02,8646.02
8649.03,8649.03
8653.09,8653.09
8655.02,8655.02
8672.05,8672.05
8679.03,8679.03
8667.02,8667.02
8667.01,8667.01
8665.02,8665.02
8682.06,8682.06
8692.04,8692.04
8699.01,8699.01
8676.01,8676.01
8714.06,8714.06
8696.05,8696.05
8699.09,8699.09
8707.04,8707.04
8715.06,8715.06
8703.05,8703.05
8720.02,8720.02
8707.01,8707.01
8717.07,8717.07
8715.01,8715.01
8744.07,8744.07
8732.04,8732.04
8734.02,8734.02
8731.09,8731.09
8711.02,8711.02
8734.04,8734.04
8738.01,8738.01
8756.03,8756.03
8748.02,8748.02
8752.01,8752.01
8741.01,8741.01
8745.01,8745.01
8756.07,8756.07
8763.05,8763.05
8766.03,8766.03
8772.06,8772.06
8763.08,8763.08
8776.02,8776.02
8778.01,8778.01
8775.03,8775.03
8782.01,8782.01
8795.03,8795.03
8806.01,8806.01
8799.01,8799.01
8790.08,8790.08
8786.01,8786.01
8809.04,8809.04
8805.08,8805.08
8795.01,8795.01
8802.05,8802.05
8808.02,8808.02
8819.05,8819.05
8811.01,8811.01
8821.07,8821.07
8824.02,8824.02
8831.03,8831.03
8806.1,8806.1
8806.10,8806.1
8825.02,8825.02
8815.01,8815.01
8849.03,8849.03
8837.06,8837.06
8828.02,8828.02
8841.03,8841.03
8835.05,8835.05
8855.07,8855.07
8866.01,8866.01
8838.06,8838.06
8862.05,8862.02
8870.01,8870.01
8862.02,8862.02
8859.03,8859.03
8876.04,8876.04
8879.03,8879.03
8883.07,8883.07
8897.05,8897.05
8879.02,8879.02
8887.07,8887.07
8886.05,8886.05
8914.01,8914.01
8918.08,8918.08
8927.01,8927.01
8940.01,8940.01
8946.06,8946.06
8978.03,8978.03
8998.03,8998.03
9029.01,9029.01
9050.03,9050.03
9074.06,9074.06
9068.04,9068.04
9075.05,9075.05
9089.01,9089.01
9091.04,9091.04
9095.02,9095.02
